Model,MAE,RMSE,R2,Run ID,Run Name,Experiment Name,Best_Model
Gradient Boosting,368.0432940545197,531.9330415920781,0.9993475185274043,a06044e58755400c81903345ca2455a7,Gradient Boosting Regressor Tuned,EduSpend_Predictive_Models,True
XGBoost,371.8396301269531,539.3236215390533,0.9993292689323425,6c93792bb7164f73a3ed3a2a16d19900,XGBoost Regressor Tuned,EduSpend_Predictive_Models,False
Random Forest,441.8675091575091,671.1582379483499,0.9989612665937915,98f75744bbd2417fbbc29e72cf09315e,Random Forest Regressor Tuned,EduSpend_Predictive_Models,False
