Group,Importance
Tuition,0.5780791941069277
Rent,0.25255603732151305
Duration,0.10096169985144061
Country,0.024255480382180297
Insurance,0.021024313147790033
Level,0.020998529440482028
Living,0.0008804785426056052
University,0.0008413179902994805
City,0.0003226172542137374
Program,6.043567522403858e-05
Visa,1.9896287323436674e-05
